term,Sum Sq,Mean Sq,NumDF,DenDF,F value,Pr(>F)
location,0.010314294558248121,0.010314294558248121,1,623.9999760989622,9.216216416066676,0.002498760935180946
treatment:location,0.0021722363603901445,0.0021722363603901445,1,623.9999760989624,1.9409762142380516,0.16405865592895624
wound:location,5.291305825973991e-4,5.291305825973991e-4,1,623.9999760990039,0.4727983997390665,0.49195807637574607
day:location,0.0035933708616987356,0.0035933708616987356,1,623.9999760966283,3.210814209113347,0.07363747259326402
treatment:wound:location,1.3276068786997262e-4,1.3276068786997262e-4,1,623.9999760989622,0.1186267489304053,0.7306447322902843
treatment:day:location,1.8234088095463252e-5,1.8234088095463252e-5,1,623.9999760966283,0.016292854648312222,0.8984722540285214
wound:day:location,6.468146422214135e-5,6.468146422214135e-5,1,623.9999760959291,0.057795360507968546,0.8100939775043577
treatment:wound:day:location,1.0384703569978892e-4,1.0384703569978892e-4,1,623.9999760966284,0.09279129559189318,0.7607597121463923
