term,Sum Sq,Mean Sq,NumDF,DenDF,F value,Pr(>F)
location,0.010314294558241571,0.010314294558241571,1,623.9999761073614,9.216216416025128,0.0024987609352354516
treatment:location,0.002172236360395229,0.002172236360395229,1,623.9999762264454,1.9409762142350775,0.1640586559291775
wound:location,5.29130582596345e-4,5.29130582596345e-4,1,623.9999763035764,0.47279839973629345,0.49195807637693156
day:location,0.0035933708617013603,0.0035933708617013603,1,623.9999760932883,3.210814209103257,0.0736374725937183
treatment:wound:location,1.3276068787088132e-4,1.3276068787088132e-4,1,623.999976251855,0.11862674893075782,0.7306447322898713
treatment:day:location,1.8234088095800744e-5,1.8234088095800744e-5,1,623.9999761946256,0.01629285464855068,0.898472254027776
wound:day:location,6.468146422190332e-5,6.468146422190332e-5,1,623.9999762577071,0.05779536050753203,0.8100939775050406
treatment:wound:day:location,1.0384703570037283e-4,1.0384703570037283e-4,1,623.9999761919022,0.09279129559205555,0.760759712146174
