treatment,wound,n_total,n_alive,n_paled,mean_color,sd_color,prop_paled
28C,no,12,12,1,3.875,0.3107907802540305,0.08333333333333333
28C,yes,12,12,0,4,0,0
31C,no,12,12,7,2.5416666666666665,0.9643257968260738,0.5833333333333334
31C,yes,12,12,8,2.8333333333333335,0.8876253645985945,0.6666666666666666
