term,Df,AIC,LRT,Pr(>Chi),response
<none>,NA,165.49597998953197,NA,NA,color_dscale_ordinal
day:thicket,2,162.34716999527808,0.8511900057461048,0.6533809059329727,color_dscale_ordinal
treatment:wound:day,1,163.4812579481988,-0.014722041333186553,1,color_dscale_ordinal
treatment:wound:thicket,2,161.71578866242876,0.2198086728967894,0.8959198380708105,color_dscale_ordinal
