response,n_obs,aic_null,aic_genet,delta_aic,lrt_chisq,lrt_df,lrt_p
pam_fvfm,336,-1384.1192301514843,-1444.6141557850906,-60.49492563360627,90.49492563360627,15,8.018332438187768e-13
color_dscale,336,364.3259500409594,246.25884798940277,-118.06710205155665,148.06710205155665,15,5.835792709794696e-24
log_zoox,192,323.2823738398272,279.7127841887032,-43.56958965112398,73.56958965112398,15,1.0253496074679947e-9
growth_pct,48,182.00557743101885,187.33088929403257,5.325311863013724,5.37078441724967,6,0.5089293452759491
