response,n_obs,aic_null,aic_genet,delta_aic,lrt_chisq,lrt_df,lrt_p
pam_fvfm,288,-1187.5233056922254,-1237.6169157125762,-50.09361002035075,78.09361002035075,14,6.376722311918518e-11
color_dscale,288,190.4896571541947,68.72681733721109,-121.76283981698361,149.76283981698361,14,8.017963896195563e-25
log_zoox,192,316.00921728953176,279.7127841887031,-36.296433100828665,64.29643310082866,14,2.0419496012138083e-8
growth_areal,48,206.31191610946388,211.81340363226076,5.501487522796879,6.498512477203121,6,0.36971899487599846
