response,n_obs,aic_null,aic_genet,delta_aic,lrt_chisq,lrt_df,lrt_p
pam_fvfm,336,-1384.1192301514832,-1444.614155785683,-60.49492563419972,90.49492563419972,15,8.018332436141993e-13
color_dscale,336,251.75886010681847,104.03934519678116,-147.71951491003733,177.71951491003733,15,6.850664969359967e-30
log_zoox,192,323.28237383982736,279.7127841887031,-43.56958965112426,73.56958965112426,15,1.0253496074678737e-9
growth_areal,48,210.1867246027624,217.4953389575344,7.308614354771976,3.696226762019796,6,0.7159883906073726
