response,n_obs,aic_null,aic_genet,delta_aic,lrt_chisq,lrt_df,lrt_p
pam_fvfm,336,-1384.1192301514843,-1444.6141557850906,-60.49492563360627,90.49492563360627,15,8.018332438187768e-13
color_dscale,336,251.75886010681805,104.0393451967807,-147.71951491003733,177.71951491003733,15,6.850664969359967e-30
log_zoox,192,323.2823738398272,279.7127841887032,-43.56958965112398,73.56958965112398,15,1.0253496074679947e-9
growth_areal,48,210.1867246027624,217.4953389575344,7.308614354771976,3.696226762019819,6,0.71598839060737
