trait,n_event,zph_chisq,zph_p,ph_ok
hole_in_center,24,0.08459847479679135,0.771159794652768,TRUE
polyp_in_hole,24,0.08459847479679135,0.771159794652768,TRUE
wound_smoothed,24,0.1481968049381973,0.7002645461339516,TRUE
pigment_over_wound,10,3.3061623037861563,0.0690205017720355,TRUE
tip_exist,24,0.25619529462743734,0.6127461710210724,TRUE
tip_extension,22,2.552238312101124,0.1101381214547511,TRUE
new_corallites_on_tip,16,3.5604732348830876,0.05917086745795567,TRUE
