trait,chisq_genet_main,df_genet_main,p_genet_main,chisq_genet_trt_int,df_genet_trt_int,p_genet_trt_int
axial_polyp_formation,1.133253305101519,2,0.5674363738075717,0.021611161267699686,2,0.9892525899417542
wound_smoothed,0.4830962096867779,2,0.7854110208060683,1.1107075422581971,2,0.5738692069238958
pigment_over_wound,1.1595020490835921,2,0.5600377848729137,13.274996202449373,2,0.0013103013877775267
tip_exist,3.8112263157669872,2,0.14873141881573035,2.3844135759602665,2,0.3035506524588302
tip_extension,3.467475452841853,2,0.1766230061899237,0.9264126113078106,2,0.6292627986427408
new_corallites_on_tip,1.3782639052439407,2,0.5020116498827326,11.302337121169714,2,0.003513408744161274
