thicket,PC1_28C,PC1_31C,PC2_28C,PC2_31C,dPC1,dPC2,displacement
a,1.4760409255950788,-2.247659176648976,0.3472109090124173,0.40890839309180493,-3.723700102244055,0.06169748407938763,3.7242111958096724
c,1.3263696309896984,0.2797503727431877,-0.3630426941279278,-0.5313015118688834,-1.0466192582465106,-0.16825881774095564,1.0600579708110591
d,1.2520605078337748,-2.086562260512762,0.10282128138564539,0.03540362250693906,-3.3386227683465366,-0.06741765887870632,3.339303389937874
