thicket,PC1_28C,PC1_31C,PC2_28C,PC2_31C,dPC1,dPC2,displacement
a,1.4598611475004621,-2.281557799987398,0.3057106574913077,0.3924669944686566,-3.74141894748786,0.08675633697734891,3.7424246689314793
c,1.3064807221813142,0.2817709961764494,-0.41856371218356325,-0.524964089483216,-1.0247097260048648,-0.10640037729965279,1.030218939283526
d,1.2883474858982427,-2.054902551769068,0.2195638415772846,0.025786308129526744,-3.3432500376673104,-0.19377753344775783,3.348861082044397
