thicket,mean_sensitivity,median_sensitivity,n_responses,pca_displacement,rank_overall
a,0.5704428926218882,1,9,3.724211195809672,3
c,0.014903478144712932,0.0997549301297243,10,1.0600579708110591,1
d,0.425853941599087,0.8789847369461229,10,3.339303389937874,2
