thicket,mean_sensitivity,median_sensitivity,n_responses,pca_displacement,rank_overall
a,0.42178208506002307,0.9749243917031216,18,3.7424246689314793,3
c,-0.03191019310439154,0.02036371267714611,19,1.030218939283526,1
d,0.29227752322843864,0.7699601030325119,19,3.348861082044397,2
