thicket,mean_sensitivity,median_sensitivity,n_responses,pca_displacement,rank_overall
a,0.5648705352225819,1,9,3.709775227263097,3
c,0.006882936513317318,0.0997549301297243,10,1.0222869924241826,1
d,0.4295440265649352,0.8789847369461229,10,3.381705702826046,2
