thicket,mean_sensitivity,median_sensitivity,n_responses,pca_displacement,rank_overall
a,0.42679720671939875,1,10,3.724211195809672,3
c,-0.028249118722762614,0.02036371267714611,11,1.0600579708110591,1
d,0.2941773632108611,0.8277591924976405,11,3.339303389937874,2
